<?xml version="1.0" encoding="UTF-8"?>
<project xmlns="http://maven.apache.org/POM/4.0.0" xmlns:xsi="http://www.w3.org/2001/XMLSchema-instance" xsi:schemaLocation="http://maven.apache.org/POM/4.0.0 http://maven.apache.org/maven-v4_0_0.xsd">
  <modelVersion>4.0.0</modelVersion>
  <groupId>at.htl</groupId>
  <artifactId>got-jdbc-repository</artifactId>
  <version>1.0-SNAPSHOT</version>
  <build>
    <defaultGoal>process-resources</defaultGoal>
    <plugins>
      <plugin>
        <groupId>org.asciidoctor</groupId>
        <artifactId>asciidoctor-maven-plugin</artifactId>
        <version>${asciidoctor-maven-plugin.version}</version>
        <executions>
          <execution>
            <id>generate-pdf-doc</id>
            <phase>generate-resources</phase>
            <goals>
              <goal>process-asciidoc</goal>
            </goals>
            <configuration>
              <backend>pdf</backend>
              <sourceHighlighter>coderay</sourceHighlighter>
              <attributes>
                <icons>font</icons>
                <pagenums />
                <toc />
                <idprefix />
                <idseparator>-</idseparator>
              </attributes>
            </configuration>
          </execution>
          <execution>
            <id>output-html</id>
            <phase>generate-resources</phase>
            <goals>
              <goal>process-asciidoc</goal>
            </goals>
            <configuration>
              <sourceHighlighter>coderay</sourceHighlighter>
              <backend>html</backend>
              <attributes>
                <toc />
                <linkcss>false</linkcss>
              </attributes>
            </configuration>
          </execution>
        </executions>
        <dependencies>
          <dependency>
            <groupId>org.asciidoctor</groupId>
            <artifactId>asciidoctorj-pdf</artifactId>
            <version>${asciidoctorj-pdf.version}</version>
          </dependency>
          <dependency>
            <groupId>org.jruby</groupId>
            <artifactId>jruby-complete</artifactId>
            <version>${jruby.version}</version>
          </dependency>
          <dependency>
            <groupId>org.asciidoctor</groupId>
            <artifactId>asciidoctorj</artifactId>
            <version>${asciidoctorj.version}</version>
          </dependency>
          <dependency>
            <groupId>org.asciidoctor</groupId>
            <artifactId>asciidoctorj-diagram</artifactId>
            <version>${asciidoctorj-diagram.version}</version>
          </dependency>
        </dependencies>
        <configuration>
          <sourceDirectory>src/docs/asciidoc</sourceDirectory>
          <outputDirectory>{project.basedir}</outputDirectory>
          <requires>
            <require>asciidoctor-diagram</require>
          </requires>
          <attributes>
            <allow-uri-read />
            <sourcedir>${project.build.sourceDirectory}</sourcedir>
            <imagesdir>assets</imagesdir>
          </attributes>
        </configuration>
      </plugin>
      <plugin>
        <artifactId>maven-shade-plugin</artifactId>
        <version>${maven-shade-plugin.version}</version>
        <executions>
          <execution>
            <phase>package</phase>
            <goals>
              <goal>shade</goal>
            </goals>
            <configuration>
              <transformers>
                <transformer>
                  <mainClass>at.htl.gotjdbcrepository.Main</mainClass>
                </transformer>
              </transformers>
            </configuration>
          </execution>
        </executions>
      </plugin>
    </plugins>
  </build>
  <dependencies>
    <dependency>
      <groupId>org.junit.jupiter</groupId>
      <artifactId>junit-jupiter</artifactId>
      <version>5.5.2</version>
      <scope>test</scope>
      <exclusions>
        <exclusion>
          <artifactId>junit-jupiter-api</artifactId>
          <groupId>org.junit.jupiter</groupId>
        </exclusion>
        <exclusion>
          <artifactId>junit-jupiter-params</artifactId>
          <groupId>org.junit.jupiter</groupId>
        </exclusion>
        <exclusion>
          <artifactId>junit-jupiter-engine</artifactId>
          <groupId>org.junit.jupiter</groupId>
        </exclusion>
      </exclusions>
    </dependency>
    <dependency>
      <groupId>org.assertj</groupId>
      <artifactId>assertj-core</artifactId>
      <version>3.13.2</version>
      <scope>test</scope>
    </dependency>
  </dependencies>
  <properties>
    <asciidoctorj-diagram.version>1.5.18</asciidoctorj-diagram.version>
    <maven.compiler.source>11</maven.compiler.source>
    <maven-shade-plugin.version>3.2.1</maven-shade-plugin.version>
    <jruby.version>9.2.8.0</jruby.version>
    <assertj-core.version>3.13.2</assertj-core.version>
    <derbyclient.version>10.14.2.0</derbyclient.version>
    <maven.compiler.target>11</maven.compiler.target>
    <asciidoctorj-pdf.version>1.5.0-beta.5</asciidoctorj-pdf.version>
    <junit-jupiter.version>5.5.2</junit-jupiter.version>
    <asciidoctorj.version>2.1.0</asciidoctorj.version>
    <asciidoctor-maven-plugin.version>2.0.0-RC.1</asciidoctor-maven-plugin.version>
    <project.build.sourceEncoding>UTF-8</project.build.sourceEncoding>
  </properties>
</project>
